ID,Name,PhotoUrl
183230569,Allen Olson,https://randomuser.me/api/portraits/men/83.jpg
133044199,Owen Dunn,https://randomuser.me/api/portraits/men/98.jpg
256471505,Wallace Arnold,https://randomuser.me/api/portraits/men/12.jpg
726328436,Sherri Meyer,https://randomuser.me/api/portraits/women/53.jpg
320560795,Cory Holmes,https://randomuser.me/api/portraits/men/49.jpg
340885396,Reginald Rhodes,https://randomuser.me/api/portraits/men/22.jpg
264361609,Ben Webb,https://randomuser.me/api/portraits/men/67.jpg
933990090,Joe Jensen,https://randomuser.me/api/portraits/men/54.jpg
550567153,Taylor Brooks,https://randomuser.me/api/portraits/women/19.jpg
854710065,Clarence Rose,https://randomuser.me/api/portraits/men/89.jpg
